{
  "early": [
    [
      3.9812922722693913,
      29.12591739818679,
      1.0,
      0.0,
      0.0
    ],
    [
      3.6527557922003164,
      35.322780256151965,
      1.0,
      0.5,
      0.0
    ],
    [
      10.10476327529141,
      42.873075262627715,
      1.0,
      0.6666666666666481,
      0.0
    ],
    [
      25.864527079154453,
      34.38466286066965,
      1.0,
      0.75,
      0.0
    ],
    [
      23.37170571010249,
      43.11786237188873,
      1.0,
      0.8000000000000815,
      0.0
    ],
    [
      94.1913943098989,
      21.1105102280743,
      1.0,
      0.8333333333333798,
      0.0
    ]
  ],
  "mixed": [
    [
      0.8790493704908756,
      24.590606875088415,
      1.0,
      0.0,
      0.0
    ],
    [
      0.5696703918517471,
      29.0653557787523,
      1.0,
      0.37940302730230585,
      0.24119394539538833
    ],
    [
      0.1652284623001839,
      33.59937756401188,
      1.0,
      0.5371811194416832,
      0.38845664167491867
    ],
    [
      11.263974687358747,
      33.31957209582643,
      1.0,
      0.535219225553714,
      0.8591230977851438
    ],
    [
      11.009318766066839,
      30.582583547557842,
      1.0,
      0.5704691516709317,
      1.1476542416452442
    ],
    [
      44.87161522438932,
      24.78185949630752,
      1.0,
      0.5653285362620645,
      1.6080287824275705
    ]
  ],
  "lastminute": [
    [
      -1.367199587416194,
      20.374763623861096,
      1.0,
      0.0,
      0.0
    ],
    [
      -1.7216778408114148,
      23.77273508681451,
      1.0,
      0.22013065153859376,
      0.5597386969228124
    ],
    [
      -3.354822073233626,
      28.181193054839266,
      1.0,
      0.35327488396079765,
      0.9401753481175864
    ],
    [
      -1.5842193620593172,
      33.018280171609774,
      1.0,
      0.3066125722812908,
      1.7735497108748368
    ],
    [
      -2.9443231441048034,
      22.253930131004367,
      1.0,
      0.3745851528384414,
      2.1270742358078603
    ],
    [
      -0.22096112050229413,
      23.255493842067132,
      1.0,
      0.34319407550510683,
      2.940835546969331
    ]
  ]
}